row,label,x,y
0,big|big|big,0,0
1,big|big|brown,0,0
2,big|big|calico,0,0
3,big|big|cat,0,0
4,big|big|dog,0,0
5,big|big|lay,0,0
6,big|big|mat,0,0
7,big|big|on,0,0
8,big|big|red,0,0
9,big|big|rug,0,0
10,big|big|sat,0,0
11,big|big|small,0,0
12,big|big|tabby,0,0
13,big|big|the,0,0
14,big|brown|big,0,0
15,big|brown|brown,0,0
16,big|brown|calico,0,0
17,big|brown|cat,0,0
18,big|brown|dog,0,0
19,big|brown|lay,0,0
20,big|brown|mat,0,0
21,big|brown|on,0,0
22,big|brown|red,0,0
23,big|brown|rug,0,0
24,big|brown|sat,0,0
25,big|brown|small,0,0
26,big|brown|tabby,0,0
27,big|brown|the,0,0
28,big|calico|big,0,0
29,big|calico|brown,0,0
30,big|calico|calico,0,0
31,big|calico|cat,0,0
32,big|calico|dog,0,0
33,big|calico|lay,0,0
34,big|calico|mat,0,0
35,big|calico|on,0,0
36,big|calico|red,0,0
37,big|calico|rug,0,0
38,big|calico|sat,0,0
39,big|calico|small,0,0
40,big|calico|tabby,0,0
41,big|calico|the,0,0
42,big|cat|big,0,0
43,big|cat|brown,0,0
44,big|cat|calico,0,0
45,big|cat|cat,0,0
46,big|cat|dog,0,0
47,big|cat|lay,0,0
48,big|cat|mat,0,0
49,big|cat|on,0,0
50,big|cat|red,0,0
51,big|cat|rug,0,0
52,big|cat|sat,0,0
53,big|cat|small,0,0
54,big|cat|tabby,0,0
55,big|cat|the,0,0
56,big|dog|big,0,0
57,big|dog|brown,0,0
58,big|dog|calico,0,0
59,big|dog|cat,0,0
60,big|dog|dog,0,0
61,big|dog|lay,0,0
62,big|dog|mat,0,0
63,big|dog|on,0,0
64,big|dog|red,0,0
65,big|dog|rug,0,0
66,big|dog|sat,0,0
67,big|dog|small,0,0
68,big|dog|tabby,0,0
69,big|dog|the,0,0
70,big|lay|big,0,0
71,big|lay|brown,0,0
72,big|lay|calico,0,0
73,big|lay|cat,0,0
74,big|lay|dog,0,0
75,big|lay|lay,0,0
76,big|lay|mat,0,0
77,big|lay|on,0,0
78,big|lay|red,0,0
79,big|lay|rug,0,0
80,big|lay|sat,0,0
81,big|lay|small,0,0
82,big|lay|tabby,0,0
83,big|lay|the,0,0
84,big|mat|big,0,0
85,big|mat|brown,0,0
86,big|mat|calico,0,0
87,big|mat|cat,0,0
88,big|mat|dog,0,0
89,big|mat|lay,0,0
90,big|mat|mat,0,0
91,big|mat|on,0,0
92,big|mat|red,0,0
93,big|mat|rug,0,0
94,big|mat|sat,0,0
95,big|mat|small,0,0
96,big|mat|tabby,0,0
97,big|mat|the,0,0
98,big|on|big,0,0
99,big|on|brown,0,0
100,big|on|calico,0,0
101,big|on|cat,0,0
102,big|on|dog,0,0
103,big|on|lay,0,0
104,big|on|mat,0,0
105,big|on|on,0,0
106,big|on|red,0,0
107,big|on|rug,0,0
108,big|on|sat,0,0
109,big|on|small,0,0
110,big|on|tabby,0,0
111,big|on|the,0,0
112,big|red|big,0,0
113,big|red|brown,0,0
114,big|red|calico,0,0
115,big|red|cat,0,0
116,big|red|dog,-0.3568,-0.3568
117,big|red|lay,0,0
118,big|red|mat,0,0
119,big|red|on,0,0
120,big|red|red,0,0
121,big|red|rug,0,0
122,big|red|sat,0,0
123,big|red|small,0,0
124,big|red|tabby,0,0
125,big|red|the,0,0
126,big|rug|big,0,0
127,big|rug|brown,0,0
128,big|rug|calico,0,0
129,big|rug|cat,0,0
130,big|rug|dog,0,0
131,big|rug|lay,0,0
132,big|rug|mat,0,0
133,big|rug|on,0,0
134,big|rug|red,0,0
135,big|rug|rug,0,0
136,big|rug|sat,0,0
137,big|rug|small,0,0
138,big|rug|tabby,0,0
139,big|rug|the,0,0
140,big|sat|big,0,0
141,big|sat|brown,0,0
142,big|sat|calico,0,0
143,big|sat|cat,0,0
144,big|sat|dog,0,0
145,big|sat|lay,0,0
146,big|sat|mat,0,0
147,big|sat|on,0,0
148,big|sat|red,0,0
149,big|sat|rug,0,0
150,big|sat|sat,0,0
151,big|sat|small,0,0
152,big|sat|tabby,0,0
153,big|sat|the,0,0
154,big|small|big,0,0
155,big|small|brown,0,0
156,big|small|calico,0,0
157,big|small|cat,0,0
158,big|small|dog,0,0
159,big|small|lay,0,0
160,big|small|mat,0,0
161,big|small|on,0,0
162,big|small|red,0,0
163,big|small|rug,0,0
164,big|small|sat,0,0
165,big|small|small,0,0
166,big|small|tabby,0,0
167,big|small|the,0,0
168,big|tabby|big,0,0
169,big|tabby|brown,0,0
170,big|tabby|calico,0,0
171,big|tabby|cat,0,0
172,big|tabby|dog,0,0
173,big|tabby|lay,0,0
174,big|tabby|mat,0,0
175,big|tabby|on,0,0
176,big|tabby|red,0,0
177,big|tabby|rug,0,0
178,big|tabby|sat,0,0
179,big|tabby|small,0,0
180,big|tabby|tabby,0,0
181,big|tabby|the,0,0
182,big|the|big,0,0
183,big|the|brown,0,0
184,big|the|calico,0,0
185,big|the|cat,0,0
186,big|the|dog,0,0
187,big|the|lay,0,0
188,big|the|mat,0,0
189,big|the|on,0,0
190,big|the|red,0,0
191,big|the|rug,0,0
192,big|the|sat,0,0
193,big|the|small,0,0
194,big|the|tabby,0,0
195,big|the|the,0,0
196,brown|big|big,0,0
197,brown|big|brown,0,0
198,brown|big|calico,0,0
199,brown|big|cat,0,0
200,brown|big|dog,0,0
201,brown|big|lay,0,0
202,brown|big|mat,0,0
203,brown|big|on,0,0
204,brown|big|red,0,0
205,brown|big|rug,0,0
206,brown|big|sat,0,0
207,brown|big|small,0,0
208,brown|big|tabby,0,0
209,brown|big|the,0,0
210,brown|brown|big,0,0
211,brown|brown|brown,0,0
212,brown|brown|calico,0,0
213,brown|brown|cat,0,0
214,brown|brown|dog,0,0
215,brown|brown|lay,0,0
216,brown|brown|mat,0,0
217,brown|brown|on,0,0
218,brown|brown|red,0,0
219,brown|brown|rug,0,0
220,brown|brown|sat,0,0
221,brown|brown|small,0,0
222,brown|brown|tabby,0,0
223,brown|brown|the,0,0
224,brown|calico|big,0,0
225,brown|calico|brown,0,0
226,brown|calico|calico,0,0
227,brown|calico|cat,0,0
228,brown|calico|dog,0,0
229,brown|calico|lay,0,0
230,brown|calico|mat,0,0
231,brown|calico|on,0,0
232,brown|calico|red,0,0
233,brown|calico|rug,0,0
234,brown|calico|sat,0,0
235,brown|calico|small,0,0
236,brown|calico|tabby,0,0
237,brown|calico|the,0,0
238,brown|cat|big,0,0
239,brown|cat|brown,0,0
240,brown|cat|calico,0,0
241,brown|cat|cat,0,0
242,brown|cat|dog,0,0
243,brown|cat|lay,0,0
244,brown|cat|mat,0,0
245,brown|cat|on,0,0
246,brown|cat|red,0,0
247,brown|cat|rug,0,0
248,brown|cat|sat,0,0
249,brown|cat|small,0,0
250,brown|cat|tabby,0,0
251,brown|cat|the,0,0
252,brown|dog|big,0,0
253,brown|dog|brown,0,0
254,brown|dog|calico,0,0
255,brown|dog|cat,0,0
256,brown|dog|dog,0,0
257,brown|dog|lay,-0.3568,-0.3568
258,brown|dog|mat,0,0
259,brown|dog|on,0,0
260,brown|dog|red,0,0
261,brown|dog|rug,0,0
262,brown|dog|sat,0,0
263,brown|dog|small,0,0
264,brown|dog|tabby,0,0
265,brown|dog|the,0,0
266,brown|lay|big,0,0
267,brown|lay|brown,0,0
268,brown|lay|calico,0,0
269,brown|lay|cat,0,0
270,brown|lay|dog,0,0
271,brown|lay|lay,0,0
272,brown|lay|mat,0,0
273,brown|lay|on,0,0
274,brown|lay|red,0,0
275,brown|lay|rug,0,0
276,brown|lay|sat,0,0
277,brown|lay|small,0,0
278,brown|lay|tabby,0,0
279,brown|lay|the,0,0
280,brown|mat|big,0,0
281,brown|mat|brown,0,0
282,brown|mat|calico,0,0
283,brown|mat|cat,0,0
284,brown|mat|dog,0,0
285,brown|mat|lay,0,0
286,brown|mat|mat,0,0
287,brown|mat|on,0,0
288,brown|mat|red,0,0
289,brown|mat|rug,0,0
290,brown|mat|sat,0,0
291,brown|mat|small,0,0
292,brown|mat|tabby,0,0
293,brown|mat|the,0,0
294,brown|on|big,0,0
295,brown|on|brown,0,0
296,brown|on|calico,0,0
297,brown|on|cat,0,0
298,brown|on|dog,0,0
299,brown|on|lay,0,0
300,brown|on|mat,0,0
301,brown|on|on,0,0
302,brown|on|red,0,0
303,brown|on|rug,0,0
304,brown|on|sat,0,0
305,brown|on|small,0,0
306,brown|on|tabby,0,0
307,brown|on|the,0,0
308,brown|red|big,0,0
309,brown|red|brown,0,0
310,brown|red|calico,0,0
311,brown|red|cat,0,0
312,brown|red|dog,0,0
313,brown|red|lay,0,0
314,brown|red|mat,0,0
315,brown|red|on,0,0
316,brown|red|red,0,0
317,brown|red|rug,0,0
318,brown|red|sat,0,0
319,brown|red|small,0,0
320,brown|red|tabby,0,0
321,brown|red|the,0,0
322,brown|rug|big,0,0
323,brown|rug|brown,0,0
324,brown|rug|calico,0,0
325,brown|rug|cat,0,0
326,brown|rug|dog,0,0
327,brown|rug|lay,0,0
328,brown|rug|mat,0,0
329,brown|rug|on,0,0
330,brown|rug|red,0,0
331,brown|rug|rug,0,0
332,brown|rug|sat,0,0
333,brown|rug|small,0,0
334,brown|rug|tabby,0,0
335,brown|rug|the,0,0
336,brown|sat|big,0,0
337,brown|sat|brown,0,0
338,brown|sat|calico,0,0
339,brown|sat|cat,0,0
340,brown|sat|dog,0,0
341,brown|sat|lay,0,0
342,brown|sat|mat,0,0
343,brown|sat|on,0,0
344,brown|sat|red,0,0
345,brown|sat|rug,0,0
346,brown|sat|sat,0,0
347,brown|sat|small,0,0
348,brown|sat|tabby,0,0
349,brown|sat|the,0,0
350,brown|small|big,0,0
351,brown|small|brown,0,0
352,brown|small|calico,0,0
353,brown|small|cat,0,0
354,brown|small|dog,0,0
355,brown|small|lay,0,0
356,brown|small|mat,0,0
357,brown|small|on,0,0
358,brown|small|red,0,0
359,brown|small|rug,0,0
360,brown|small|sat,0,0
361,brown|small|small,0,0
362,brown|small|tabby,0,0
363,brown|small|the,0,0
364,brown|tabby|big,0,0
365,brown|tabby|brown,0,0
366,brown|tabby|calico,0,0
367,brown|tabby|cat,0,0
368,brown|tabby|dog,0,0
369,brown|tabby|lay,0,0
370,brown|tabby|mat,0,0
371,brown|tabby|on,0,0
372,brown|tabby|red,0,0
373,brown|tabby|rug,0,0
374,brown|tabby|sat,0,0
375,brown|tabby|small,0,0
376,brown|tabby|tabby,0,0
377,brown|tabby|the,0,0
378,brown|the|big,0,0
379,brown|the|brown,0,0
380,brown|the|calico,0,0
381,brown|the|cat,0,0
382,brown|the|dog,0,0
383,brown|the|lay,0,0
384,brown|the|mat,0,0
385,brown|the|on,0,0
386,brown|the|red,0,0
387,brown|the|rug,0,0
388,brown|the|sat,0,0
389,brown|the|small,0,0
390,brown|the|tabby,0,0
391,brown|the|the,0,0
392,calico|big|big,0,0
393,calico|big|brown,0,0
394,calico|big|calico,0,0
395,calico|big|cat,0,0
396,calico|big|dog,0,0
397,calico|big|lay,0,0
398,calico|big|mat,0,0
399,calico|big|on,0,0
400,calico|big|red,0,0
401,calico|big|rug,0,0
402,calico|big|sat,0,0
403,calico|big|small,0,0
404,calico|big|tabby,0,0
405,calico|big|the,0,0
406,calico|brown|big,0,0
407,calico|brown|brown,0,0
408,calico|brown|calico,0,0
409,calico|brown|cat,0,0
410,calico|brown|dog,0,0
411,calico|brown|lay,0,0
412,calico|brown|mat,0,0
413,calico|brown|on,0,0
414,calico|brown|red,0,0
415,calico|brown|rug,0,0
416,calico|brown|sat,0,0
417,calico|brown|small,0,0
418,calico|brown|tabby,0,0
419,calico|brown|the,0,0
420,calico|calico|big,0,0
421,calico|calico|brown,0,0
422,calico|calico|calico,0,0
423,calico|calico|cat,0,0
424,calico|calico|dog,0,0
425,calico|calico|lay,0,0
426,calico|calico|mat,0,0
427,calico|calico|on,0,0
428,calico|calico|red,0,0
429,calico|calico|rug,0,0
430,calico|calico|sat,0,0
431,calico|calico|small,0,0
432,calico|calico|tabby,0,0
433,calico|calico|the,0,0
434,calico|cat|big,0,0
435,calico|cat|brown,0,0
436,calico|cat|calico,0,0
437,calico|cat|cat,0,0
438,calico|cat|dog,0,0
439,calico|cat|lay,-0.3568,-0.3568
440,calico|cat|mat,0,0
441,calico|cat|on,0,0
442,calico|cat|red,0,0
443,calico|cat|rug,0,0
444,calico|cat|sat,0,0
445,calico|cat|small,0,0
446,calico|cat|tabby,0,0
447,calico|cat|the,0,0
448,calico|dog|big,0,0
449,calico|dog|brown,0,0
450,calico|dog|calico,0,0
451,calico|dog|cat,0,0
452,calico|dog|dog,0,0
453,calico|dog|lay,0,0
454,calico|dog|mat,0,0
455,calico|dog|on,0,0
456,calico|dog|red,0,0
457,calico|dog|rug,0,0
458,calico|dog|sat,0,0
459,calico|dog|small,0,0
460,calico|dog|tabby,0,0
461,calico|dog|the,0,0
462,calico|lay|big,0,0
463,calico|lay|brown,0,0
464,calico|lay|calico,0,0
465,calico|lay|cat,0,0
466,calico|lay|dog,0,0
467,calico|lay|lay,0,0
468,calico|lay|mat,0,0
469,calico|lay|on,0,0
470,calico|lay|red,0,0
471,calico|lay|rug,0,0
472,calico|lay|sat,0,0
473,calico|lay|small,0,0
474,calico|lay|tabby,0,0
475,calico|lay|the,0,0
476,calico|mat|big,0,0
477,calico|mat|brown,0,0
478,calico|mat|calico,0,0
479,calico|mat|cat,0,0
480,calico|mat|dog,0,0
481,calico|mat|lay,0,0
482,calico|mat|mat,0,0
483,calico|mat|on,0,0
484,calico|mat|red,0,0
485,calico|mat|rug,0,0
486,calico|mat|sat,0,0
487,calico|mat|small,0,0
488,calico|mat|tabby,0,0
489,calico|mat|the,0,0
490,calico|on|big,0,0
491,calico|on|brown,0,0
492,calico|on|calico,0,0
493,calico|on|cat,0,0
494,calico|on|dog,0,0
495,calico|on|lay,0,0
496,calico|on|mat,0,0
497,calico|on|on,0,0
498,calico|on|red,0,0
499,calico|on|rug,0,0
500,calico|on|sat,0,0
501,calico|on|small,0,0
502,calico|on|tabby,0,0
503,calico|on|the,0,0
504,calico|red|big,0,0
505,calico|red|brown,0,0
506,calico|red|calico,0,0
507,calico|red|cat,0,0
508,calico|red|dog,0,0
509,calico|red|lay,0,0
510,calico|red|mat,0,0
511,calico|red|on,0,0
512,calico|red|red,0,0
513,calico|red|rug,0,0
514,calico|red|sat,0,0
515,calico|red|small,0,0
516,calico|red|tabby,0,0
517,calico|red|the,0,0
518,calico|rug|big,0,0
519,calico|rug|brown,0,0
520,calico|rug|calico,0,0
521,calico|rug|cat,0,0
522,calico|rug|dog,0,0
523,calico|rug|lay,0,0
524,calico|rug|mat,0,0
525,calico|rug|on,0,0
526,calico|rug|red,0,0
527,calico|rug|rug,0,0
528,calico|rug|sat,0,0
529,calico|rug|small,0,0
530,calico|rug|tabby,0,0
531,calico|rug|the,0,0
532,calico|sat|big,0,0
533,calico|sat|brown,0,0
534,calico|sat|calico,0,0
535,calico|sat|cat,0,0
536,calico|sat|dog,0,0
537,calico|sat|lay,0,0
538,calico|sat|mat,0,0
539,calico|sat|on,0,0
540,calico|sat|red,0,0
541,calico|sat|rug,0,0
542,calico|sat|sat,0,0
543,calico|sat|small,0,0
544,calico|sat|tabby,0,0
545,calico|sat|the,0,0
546,calico|small|big,0,0
547,calico|small|brown,0,0
548,calico|small|calico,0,0
549,calico|small|cat,0,0
550,calico|small|dog,0,0
551,calico|small|lay,0,0
552,calico|small|mat,0,0
553,calico|small|on,0,0
554,calico|small|red,0,0
555,calico|small|rug,0,0
556,calico|small|sat,0,0
557,calico|small|small,0,0
558,calico|small|tabby,0,0
559,calico|small|the,0,0
560,calico|tabby|big,0,0
561,calico|tabby|brown,0,0
562,calico|tabby|calico,0,0
563,calico|tabby|cat,0,0
564,calico|tabby|dog,0,0
565,calico|tabby|lay,0,0
566,calico|tabby|mat,0,0
567,calico|tabby|on,0,0
568,calico|tabby|red,0,0
569,calico|tabby|rug,0,0
570,calico|tabby|sat,0,0
571,calico|tabby|small,0,0
572,calico|tabby|tabby,0,0
573,calico|tabby|the,0,0
574,calico|the|big,0,0
575,calico|the|brown,0,0
576,calico|the|calico,0,0
577,calico|the|cat,0,0
578,calico|the|dog,0,0
579,calico|the|lay,0,0
580,calico|the|mat,0,0
581,calico|the|on,0,0
582,calico|the|red,0,0
583,calico|the|rug,0,0
584,calico|the|sat,0,0
585,calico|the|small,0,0
586,calico|the|tabby,0,0
587,calico|the|the,0,0
588,cat|big|big,0,0
589,cat|big|brown,0,0
590,cat|big|calico,0,0
591,cat|big|cat,0,0
592,cat|big|dog,0,0
593,cat|big|lay,0,0
594,cat|big|mat,0,0
595,cat|big|on,0,0
596,cat|big|red,0,0
597,cat|big|rug,0,0
598,cat|big|sat,0,0
599,cat|big|small,0,0
600,cat|big|tabby,0,0
601,cat|big|the,0,0
602,cat|brown|big,0,0
603,cat|brown|brown,0,0
604,cat|brown|calico,0,0
605,cat|brown|cat,0,0
606,cat|brown|dog,0,0
607,cat|brown|lay,0,0
608,cat|brown|mat,0,0
609,cat|brown|on,0,0
610,cat|brown|red,0,0
611,cat|brown|rug,0,0
612,cat|brown|sat,0,0
613,cat|brown|small,0,0
614,cat|brown|tabby,0,0
615,cat|brown|the,0,0
616,cat|calico|big,0,0
617,cat|calico|brown,0,0
618,cat|calico|calico,0,0
619,cat|calico|cat,0,0
620,cat|calico|dog,0,0
621,cat|calico|lay,0,0
622,cat|calico|mat,0,0
623,cat|calico|on,0,0
624,cat|calico|red,0,0
625,cat|calico|rug,0,0
626,cat|calico|sat,0,0
627,cat|calico|small,0,0
628,cat|calico|tabby,0,0
629,cat|calico|the,0,0
630,cat|cat|big,0,0
631,cat|cat|brown,0,0
632,cat|cat|calico,0,0
633,cat|cat|cat,0,0
634,cat|cat|dog,0,0
635,cat|cat|lay,0,0
636,cat|cat|mat,0,0
637,cat|cat|on,0,0
638,cat|cat|red,0,0
639,cat|cat|rug,0,0
640,cat|cat|sat,0,0
641,cat|cat|small,0,0
642,cat|cat|tabby,0,0
643,cat|cat|the,0,0
644,cat|dog|big,0,0
645,cat|dog|brown,0,0
646,cat|dog|calico,0,0
647,cat|dog|cat,0,0
648,cat|dog|dog,0,0
649,cat|dog|lay,0,0
650,cat|dog|mat,0,0
651,cat|dog|on,0,0
652,cat|dog|red,0,0
653,cat|dog|rug,0,0
654,cat|dog|sat,0,0
655,cat|dog|small,0,0
656,cat|dog|tabby,0,0
657,cat|dog|the,0,0
658,cat|lay|big,0,0
659,cat|lay|brown,0,0
660,cat|lay|calico,0,0
661,cat|lay|cat,0,0
662,cat|lay|dog,0,0
663,cat|lay|lay,0,0
664,cat|lay|mat,0,0
665,cat|lay|on,-0.3568,-0.3568
666,cat|lay|red,0,0
667,cat|lay|rug,0,0
668,cat|lay|sat,0,0
669,cat|lay|small,0,0
670,cat|lay|tabby,0,0
671,cat|lay|the,0,0
672,cat|mat|big,0,0
673,cat|mat|brown,0,0
674,cat|mat|calico,0,0
675,cat|mat|cat,0,0
676,cat|mat|dog,0,0
677,cat|mat|lay,0,0
678,cat|mat|mat,0,0
679,cat|mat|on,0,0
680,cat|mat|red,0,0
681,cat|mat|rug,0,0
682,cat|mat|sat,0,0
683,cat|mat|small,0,0
684,cat|mat|tabby,0,0
685,cat|mat|the,0,0
686,cat|on|big,0,0
687,cat|on|brown,0,0
688,cat|on|calico,0,0
689,cat|on|cat,0,0
690,cat|on|dog,0,0
691,cat|on|lay,0,0
692,cat|on|mat,0,0
693,cat|on|on,0,0
694,cat|on|red,0,0
695,cat|on|rug,0,0
696,cat|on|sat,0,0
697,cat|on|small,0,0
698,cat|on|tabby,0,0
699,cat|on|the,0,0
700,cat|red|big,0,0
701,cat|red|brown,0,0
702,cat|red|calico,0,0
703,cat|red|cat,0,0
704,cat|red|dog,0,0
705,cat|red|lay,0,0
706,cat|red|mat,0,0
707,cat|red|on,0,0
708,cat|red|red,0,0
709,cat|red|rug,0,0
710,cat|red|sat,0,0
711,cat|red|small,0,0
712,cat|red|tabby,0,0
713,cat|red|the,0,0
714,cat|rug|big,0,0
715,cat|rug|brown,0,0
716,cat|rug|calico,0,0
717,cat|rug|cat,0,0
718,cat|rug|dog,0,0
719,cat|rug|lay,0,0
720,cat|rug|mat,0,0
721,cat|rug|on,0,0
722,cat|rug|red,0,0
723,cat|rug|rug,0,0
724,cat|rug|sat,0,0
725,cat|rug|small,0,0
726,cat|rug|tabby,0,0
727,cat|rug|the,0,0
728,cat|sat|big,0,0
729,cat|sat|brown,0,0
730,cat|sat|calico,0,0
731,cat|sat|cat,0,0
732,cat|sat|dog,0,0
733,cat|sat|lay,0,0
734,cat|sat|mat,0,0
735,cat|sat|on,-0.3568,-0.3568
736,cat|sat|red,0,0
737,cat|sat|rug,0,0
738,cat|sat|sat,0,0
739,cat|sat|small,0,0
740,cat|sat|tabby,0,0
741,cat|sat|the,0,0
742,cat|small|big,0,0
743,cat|small|brown,0,0
744,cat|small|calico,0,0
745,cat|small|cat,0,0
746,cat|small|dog,0,0
747,cat|small|lay,0,0
748,cat|small|mat,0,0
749,cat|small|on,0,0
750,cat|small|red,0,0
751,cat|small|rug,0,0
752,cat|small|sat,0,0
753,cat|small|small,0,0
754,cat|small|tabby,0,0
755,cat|small|the,0,0
756,cat|tabby|big,0,0
757,cat|tabby|brown,0,0
758,cat|tabby|calico,0,0
759,cat|tabby|cat,0,0
760,cat|tabby|dog,0,0
761,cat|tabby|lay,0,0
762,cat|tabby|mat,0,0
763,cat|tabby|on,0,0
764,cat|tabby|red,0,0
765,cat|tabby|rug,0,0
766,cat|tabby|sat,0,0
767,cat|tabby|small,0,0
768,cat|tabby|tabby,0,0
769,cat|tabby|the,0,0
770,cat|the|big,0,0
771,cat|the|brown,0,0
772,cat|the|calico,0,0
773,cat|the|cat,0,0
774,cat|the|dog,0,0
775,cat|the|lay,0,0
776,cat|the|mat,0,0
777,cat|the|on,0,0
778,cat|the|red,0,0
779,cat|the|rug,0,0
780,cat|the|sat,0,0
781,cat|the|small,0,0
782,cat|the|tabby,0,0
783,cat|the|the,0,0
784,dog|big|big,0,0
785,dog|big|brown,0,0
786,dog|big|calico,0,0
787,dog|big|cat,0,0
788,dog|big|dog,0,0
789,dog|big|lay,0,0
790,dog|big|mat,0,0
791,dog|big|on,0,0
792,dog|big|red,0,0
793,dog|big|rug,0,0
794,dog|big|sat,0,0
795,dog|big|small,0,0
796,dog|big|tabby,0,0
797,dog|big|the,0,0
798,dog|brown|big,0,0
799,dog|brown|brown,0,0
800,dog|brown|calico,0,0
801,dog|brown|cat,0,0
802,dog|brown|dog,0,0
803,dog|brown|lay,0,0
804,dog|brown|mat,0,0
805,dog|brown|on,0,0
806,dog|brown|red,0,0
807,dog|brown|rug,0,0
808,dog|brown|sat,0,0
809,dog|brown|small,0,0
810,dog|brown|tabby,0,0
811,dog|brown|the,0,0
812,dog|calico|big,0,0
813,dog|calico|brown,0,0
814,dog|calico|calico,0,0
815,dog|calico|cat,0,0
816,dog|calico|dog,0,0
817,dog|calico|lay,0,0
818,dog|calico|mat,0,0
819,dog|calico|on,0,0
820,dog|calico|red,0,0
821,dog|calico|rug,0,0
822,dog|calico|sat,0,0
823,dog|calico|small,0,0
824,dog|calico|tabby,0,0
825,dog|calico|the,0,0
826,dog|cat|big,0,0
827,dog|cat|brown,0,0
828,dog|cat|calico,0,0
829,dog|cat|cat,0,0
830,dog|cat|dog,0,0
831,dog|cat|lay,0,0
832,dog|cat|mat,0,0
833,dog|cat|on,0,0
834,dog|cat|red,0,0
835,dog|cat|rug,0,0
836,dog|cat|sat,0,0
837,dog|cat|small,0,0
838,dog|cat|tabby,0,0
839,dog|cat|the,0,0
840,dog|dog|big,0,0
841,dog|dog|brown,0,0
842,dog|dog|calico,0,0
843,dog|dog|cat,0,0
844,dog|dog|dog,0,0
845,dog|dog|lay,0,0
846,dog|dog|mat,0,0
847,dog|dog|on,0,0
848,dog|dog|red,0,0
849,dog|dog|rug,0,0
850,dog|dog|sat,0,0
851,dog|dog|small,0,0
852,dog|dog|tabby,0,0
853,dog|dog|the,0,0
854,dog|lay|big,0,0
855,dog|lay|brown,0,0
856,dog|lay|calico,0,0
857,dog|lay|cat,0,0
858,dog|lay|dog,0,0
859,dog|lay|lay,0,0
860,dog|lay|mat,0,0
861,dog|lay|on,-0.3568,-0.3568
862,dog|lay|red,0,0
863,dog|lay|rug,0,0
864,dog|lay|sat,0,0
865,dog|lay|small,0,0
866,dog|lay|tabby,0,0
867,dog|lay|the,0,0
868,dog|mat|big,0,0
869,dog|mat|brown,0,0
870,dog|mat|calico,0,0
871,dog|mat|cat,0,0
872,dog|mat|dog,0,0
873,dog|mat|lay,0,0
874,dog|mat|mat,0,0
875,dog|mat|on,0,0
876,dog|mat|red,0,0
877,dog|mat|rug,0,0
878,dog|mat|sat,0,0
879,dog|mat|small,0,0
880,dog|mat|tabby,0,0
881,dog|mat|the,0,0
882,dog|on|big,0,0
883,dog|on|brown,0,0
884,dog|on|calico,0,0
885,dog|on|cat,0,0
886,dog|on|dog,0,0
887,dog|on|lay,0,0
888,dog|on|mat,0,0
889,dog|on|on,0,0
890,dog|on|red,0,0
891,dog|on|rug,0,0
892,dog|on|sat,0,0
893,dog|on|small,0,0
894,dog|on|tabby,0,0
895,dog|on|the,0,0
896,dog|red|big,0,0
897,dog|red|brown,0,0
898,dog|red|calico,0,0
899,dog|red|cat,0,0
900,dog|red|dog,0,0
901,dog|red|lay,0,0
902,dog|red|mat,0,0
903,dog|red|on,0,0
904,dog|red|red,0,0
905,dog|red|rug,0,0
906,dog|red|sat,0,0
907,dog|red|small,0,0
908,dog|red|tabby,0,0
909,dog|red|the,0,0
910,dog|rug|big,0,0
911,dog|rug|brown,0,0
912,dog|rug|calico,0,0
913,dog|rug|cat,0,0
914,dog|rug|dog,0,0
915,dog|rug|lay,0,0
916,dog|rug|mat,0,0
917,dog|rug|on,0,0
918,dog|rug|red,0,0
919,dog|rug|rug,0,0
920,dog|rug|sat,0,0
921,dog|rug|small,0,0
922,dog|rug|tabby,0,0
923,dog|rug|the,0,0
924,dog|sat|big,0,0
925,dog|sat|brown,0,0
926,dog|sat|calico,0,0
927,dog|sat|cat,0,0
928,dog|sat|dog,0,0
929,dog|sat|lay,0,0
930,dog|sat|mat,0,0
931,dog|sat|on,-0.3568,-0.3568
932,dog|sat|red,0,0
933,dog|sat|rug,0,0
934,dog|sat|sat,0,0
935,dog|sat|small,0,0
936,dog|sat|tabby,0,0
937,dog|sat|the,0,0
938,dog|small|big,0,0
939,dog|small|brown,0,0
940,dog|small|calico,0,0
941,dog|small|cat,0,0
942,dog|small|dog,0,0
943,dog|small|lay,0,0
944,dog|small|mat,0,0
945,dog|small|on,0,0
946,dog|small|red,0,0
947,dog|small|rug,0,0
948,dog|small|sat,0,0
949,dog|small|small,0,0
950,dog|small|tabby,0,0
951,dog|small|the,0,0
952,dog|tabby|big,0,0
953,dog|tabby|brown,0,0
954,dog|tabby|calico,0,0
955,dog|tabby|cat,0,0
956,dog|tabby|dog,0,0
957,dog|tabby|lay,0,0
958,dog|tabby|mat,0,0
959,dog|tabby|on,0,0
960,dog|tabby|red,0,0
961,dog|tabby|rug,0,0
962,dog|tabby|sat,0,0
963,dog|tabby|small,0,0
964,dog|tabby|tabby,0,0
965,dog|tabby|the,0,0
966,dog|the|big,0,0
967,dog|the|brown,0,0
968,dog|the|calico,0,0
969,dog|the|cat,0,0
970,dog|the|dog,0,0
971,dog|the|lay,0,0
972,dog|the|mat,0,0
973,dog|the|on,0,0
974,dog|the|red,0,0
975,dog|the|rug,0,0
976,dog|the|sat,0,0
977,dog|the|small,0,0
978,dog|the|tabby,0,0
979,dog|the|the,0,0
980,lay|big|big,0,0
981,lay|big|brown,0,0
982,lay|big|calico,0,0
983,lay|big|cat,0,0
984,lay|big|dog,0,0
985,lay|big|lay,0,0
986,lay|big|mat,0,0
987,lay|big|on,0,0
988,lay|big|red,0,0
989,lay|big|rug,0,0
990,lay|big|sat,0,0
991,lay|big|small,0,0
992,lay|big|tabby,0,0
993,lay|big|the,0,0
994,lay|brown|big,0,0
995,lay|brown|brown,0,0
996,lay|brown|calico,0,0
997,lay|brown|cat,0,0
998,lay|brown|dog,0,0
999,lay|brown|lay,0,0
1000,lay|brown|mat,0,0
1001,lay|brown|on,0,0
1002,lay|brown|red,0,0
1003,lay|brown|rug,0,0
1004,lay|brown|sat,0,0
1005,lay|brown|small,0,0
1006,lay|brown|tabby,0,0
1007,lay|brown|the,0,0
1008,lay|calico|big,0,0
1009,lay|calico|brown,0,0
1010,lay|calico|calico,0,0
1011,lay|calico|cat,0,0
1012,lay|calico|dog,0,0
1013,lay|calico|lay,0,0
1014,lay|calico|mat,0,0
1015,lay|calico|on,0,0
1016,lay|calico|red,0,0
1017,lay|calico|rug,0,0
1018,lay|calico|sat,0,0
1019,lay|calico|small,0,0
1020,lay|calico|tabby,0,0
1021,lay|calico|the,0,0
1022,lay|cat|big,0,0
1023,lay|cat|brown,0,0
1024,lay|cat|calico,0,0
1025,lay|cat|cat,0,0
1026,lay|cat|dog,0,0
1027,lay|cat|lay,0,0
1028,lay|cat|mat,0,0
1029,lay|cat|on,0,0
1030,lay|cat|red,0,0
1031,lay|cat|rug,0,0
1032,lay|cat|sat,0,0
1033,lay|cat|small,0,0
1034,lay|cat|tabby,0,0
1035,lay|cat|the,0,0
1036,lay|dog|big,0,0
1037,lay|dog|brown,0,0
1038,lay|dog|calico,0,0
1039,lay|dog|cat,0,0
1040,lay|dog|dog,0,0
1041,lay|dog|lay,0,0
1042,lay|dog|mat,0,0
1043,lay|dog|on,0,0
1044,lay|dog|red,0,0
1045,lay|dog|rug,0,0
1046,lay|dog|sat,0,0
1047,lay|dog|small,0,0
1048,lay|dog|tabby,0,0
1049,lay|dog|the,0,0
1050,lay|lay|big,0,0
1051,lay|lay|brown,0,0
1052,lay|lay|calico,0,0
1053,lay|lay|cat,0,0
1054,lay|lay|dog,0,0
1055,lay|lay|lay,0,0
1056,lay|lay|mat,0,0
1057,lay|lay|on,0,0
1058,lay|lay|red,0,0
1059,lay|lay|rug,0,0
1060,lay|lay|sat,0,0
1061,lay|lay|small,0,0
1062,lay|lay|tabby,0,0
1063,lay|lay|the,0,0
1064,lay|mat|big,0,0
1065,lay|mat|brown,0,0
1066,lay|mat|calico,0,0
1067,lay|mat|cat,0,0
1068,lay|mat|dog,0,0
1069,lay|mat|lay,0,0
1070,lay|mat|mat,0,0
1071,lay|mat|on,0,0
1072,lay|mat|red,0,0
1073,lay|mat|rug,0,0
1074,lay|mat|sat,0,0
1075,lay|mat|small,0,0
1076,lay|mat|tabby,0,0
1077,lay|mat|the,0,0
1078,lay|on|big,0,0
1079,lay|on|brown,0,0
1080,lay|on|calico,0,0
1081,lay|on|cat,0,0
1082,lay|on|dog,0,0
1083,lay|on|lay,0,0
1084,lay|on|mat,0,0
1085,lay|on|on,0,0
1086,lay|on|red,0,0
1087,lay|on|rug,0,0
1088,lay|on|sat,0,0
1089,lay|on|small,0,0
1090,lay|on|tabby,0,0
1091,lay|on|the,-0.6262,-0.6262
1092,lay|red|big,0,0
1093,lay|red|brown,0,0
1094,lay|red|calico,0,0
1095,lay|red|cat,0,0
1096,lay|red|dog,0,0
1097,lay|red|lay,0,0
1098,lay|red|mat,0,0
1099,lay|red|on,0,0
1100,lay|red|red,0,0
1101,lay|red|rug,0,0
1102,lay|red|sat,0,0
1103,lay|red|small,0,0
1104,lay|red|tabby,0,0
1105,lay|red|the,0,0
1106,lay|rug|big,0,0
1107,lay|rug|brown,0,0
1108,lay|rug|calico,0,0
1109,lay|rug|cat,0,0
1110,lay|rug|dog,0,0
1111,lay|rug|lay,0,0
1112,lay|rug|mat,0,0
1113,lay|rug|on,0,0
1114,lay|rug|red,0,0
1115,lay|rug|rug,0,0
1116,lay|rug|sat,0,0
1117,lay|rug|small,0,0
1118,lay|rug|tabby,0,0
1119,lay|rug|the,0,0
1120,lay|sat|big,0,0
1121,lay|sat|brown,0,0
1122,lay|sat|calico,0,0
1123,lay|sat|cat,0,0
1124,lay|sat|dog,0,0
1125,lay|sat|lay,0,0
1126,lay|sat|mat,0,0
1127,lay|sat|on,0,0
1128,lay|sat|red,0,0
1129,lay|sat|rug,0,0
1130,lay|sat|sat,0,0
1131,lay|sat|small,0,0
1132,lay|sat|tabby,0,0
1133,lay|sat|the,0,0
1134,lay|small|big,0,0
1135,lay|small|brown,0,0
1136,lay|small|calico,0,0
1137,lay|small|cat,0,0
1138,lay|small|dog,0,0
1139,lay|small|lay,0,0
1140,lay|small|mat,0,0
1141,lay|small|on,0,0
1142,lay|small|red,0,0
1143,lay|small|rug,0,0
1144,lay|small|sat,0,0
1145,lay|small|small,0,0
1146,lay|small|tabby,0,0
1147,lay|small|the,0,0
1148,lay|tabby|big,0,0
1149,lay|tabby|brown,0,0
1150,lay|tabby|calico,0,0
1151,lay|tabby|cat,0,0
1152,lay|tabby|dog,0,0
1153,lay|tabby|lay,0,0
1154,lay|tabby|mat,0,0
1155,lay|tabby|on,0,0
1156,lay|tabby|red,0,0
1157,lay|tabby|rug,0,0
1158,lay|tabby|sat,0,0
1159,lay|tabby|small,0,0
1160,lay|tabby|tabby,0,0
1161,lay|tabby|the,0,0
1162,lay|the|big,0,0
1163,lay|the|brown,0,0
1164,lay|the|calico,0,0
1165,lay|the|cat,0,0
1166,lay|the|dog,0,0
1167,lay|the|lay,0,0
1168,lay|the|mat,0,0
1169,lay|the|on,0,0
1170,lay|the|red,0,0
1171,lay|the|rug,0,0
1172,lay|the|sat,0,0
1173,lay|the|small,0,0
1174,lay|the|tabby,0,0
1175,lay|the|the,0,0
1176,mat|big|big,0,0
1177,mat|big|brown,0,0
1178,mat|big|calico,0,0
1179,mat|big|cat,0,0
1180,mat|big|dog,0,0
1181,mat|big|lay,0,0
1182,mat|big|mat,0,0
1183,mat|big|on,0,0
1184,mat|big|red,0,0
1185,mat|big|rug,0,0
1186,mat|big|sat,0,0
1187,mat|big|small,0,0
1188,mat|big|tabby,0,0
1189,mat|big|the,0,0
1190,mat|brown|big,0,0
1191,mat|brown|brown,0,0
1192,mat|brown|calico,0,0
1193,mat|brown|cat,0,0
1194,mat|brown|dog,0,0
1195,mat|brown|lay,0,0
1196,mat|brown|mat,0,0
1197,mat|brown|on,0,0
1198,mat|brown|red,0,0
1199,mat|brown|rug,0,0
1200,mat|brown|sat,0,0
1201,mat|brown|small,0,0
1202,mat|brown|tabby,0,0
1203,mat|brown|the,0,0
1204,mat|calico|big,0,0
1205,mat|calico|brown,0,0
1206,mat|calico|calico,0,0
1207,mat|calico|cat,0,0
1208,mat|calico|dog,0,0
1209,mat|calico|lay,0,0
1210,mat|calico|mat,0,0
1211,mat|calico|on,0,0
1212,mat|calico|red,0,0
1213,mat|calico|rug,0,0
1214,mat|calico|sat,0,0
1215,mat|calico|small,0,0
1216,mat|calico|tabby,0,0
1217,mat|calico|the,0,0
1218,mat|cat|big,0,0
1219,mat|cat|brown,0,0
1220,mat|cat|calico,0,0
1221,mat|cat|cat,0,0
1222,mat|cat|dog,0,0
1223,mat|cat|lay,0,0
1224,mat|cat|mat,0,0
1225,mat|cat|on,0,0
1226,mat|cat|red,0,0
1227,mat|cat|rug,0,0
1228,mat|cat|sat,0,0
1229,mat|cat|small,0,0
1230,mat|cat|tabby,0,0
1231,mat|cat|the,0,0
1232,mat|dog|big,0,0
1233,mat|dog|brown,0,0
1234,mat|dog|calico,0,0
1235,mat|dog|cat,0,0
1236,mat|dog|dog,0,0
1237,mat|dog|lay,0,0
1238,mat|dog|mat,0,0
1239,mat|dog|on,0,0
1240,mat|dog|red,0,0
1241,mat|dog|rug,0,0
1242,mat|dog|sat,0,0
1243,mat|dog|small,0,0
1244,mat|dog|tabby,0,0
1245,mat|dog|the,0,0
1246,mat|lay|big,0,0
1247,mat|lay|brown,0,0
1248,mat|lay|calico,0,0
1249,mat|lay|cat,0,0
1250,mat|lay|dog,0,0
1251,mat|lay|lay,0,0
1252,mat|lay|mat,0,0
1253,mat|lay|on,0,0
1254,mat|lay|red,0,0
1255,mat|lay|rug,0,0
1256,mat|lay|sat,0,0
1257,mat|lay|small,0,0
1258,mat|lay|tabby,0,0
1259,mat|lay|the,0,0
1260,mat|mat|big,0,0
1261,mat|mat|brown,0,0
1262,mat|mat|calico,0,0
1263,mat|mat|cat,0,0
1264,mat|mat|dog,0,0
1265,mat|mat|lay,0,0
1266,mat|mat|mat,0,0
1267,mat|mat|on,0,0
1268,mat|mat|red,0,0
1269,mat|mat|rug,0,0
1270,mat|mat|sat,0,0
1271,mat|mat|small,0,0
1272,mat|mat|tabby,0,0
1273,mat|mat|the,0,0
1274,mat|on|big,0,0
1275,mat|on|brown,0,0
1276,mat|on|calico,0,0
1277,mat|on|cat,0,0
1278,mat|on|dog,0,0
1279,mat|on|lay,0,0
1280,mat|on|mat,0,0
1281,mat|on|on,0,0
1282,mat|on|red,0,0
1283,mat|on|rug,0,0
1284,mat|on|sat,0,0
1285,mat|on|small,0,0
1286,mat|on|tabby,0,0
1287,mat|on|the,0,0
1288,mat|red|big,0,0
1289,mat|red|brown,0,0
1290,mat|red|calico,0,0
1291,mat|red|cat,0,0
1292,mat|red|dog,0,0
1293,mat|red|lay,0,0
1294,mat|red|mat,0,0
1295,mat|red|on,0,0
1296,mat|red|red,0,0
1297,mat|red|rug,0,0
1298,mat|red|sat,0,0
1299,mat|red|small,0,0
1300,mat|red|tabby,0,0
1301,mat|red|the,0,0
1302,mat|rug|big,0,0
1303,mat|rug|brown,0,0
1304,mat|rug|calico,0,0
1305,mat|rug|cat,0,0
1306,mat|rug|dog,0,0
1307,mat|rug|lay,0,0
1308,mat|rug|mat,0,0
1309,mat|rug|on,0,0
1310,mat|rug|red,0,0
1311,mat|rug|rug,0,0
1312,mat|rug|sat,0,0
1313,mat|rug|small,0,0
1314,mat|rug|tabby,0,0
1315,mat|rug|the,0,0
1316,mat|sat|big,0,0
1317,mat|sat|brown,0,0
1318,mat|sat|calico,0,0
1319,mat|sat|cat,0,0
1320,mat|sat|dog,0,0
1321,mat|sat|lay,0,0
1322,mat|sat|mat,0,0
1323,mat|sat|on,0,0
1324,mat|sat|red,0,0
1325,mat|sat|rug,0,0
1326,mat|sat|sat,0,0
1327,mat|sat|small,0,0
1328,mat|sat|tabby,0,0
1329,mat|sat|the,0,0
1330,mat|small|big,0,0
1331,mat|small|brown,0,0
1332,mat|small|calico,0,0
1333,mat|small|cat,0,0
1334,mat|small|dog,0,0
1335,mat|small|lay,0,0
1336,mat|small|mat,0,0
1337,mat|small|on,0,0
1338,mat|small|red,0,0
1339,mat|small|rug,0,0
1340,mat|small|sat,0,0
1341,mat|small|small,0,0
1342,mat|small|tabby,0,0
1343,mat|small|the,0,0
1344,mat|tabby|big,0,0
1345,mat|tabby|brown,0,0
1346,mat|tabby|calico,0,0
1347,mat|tabby|cat,0,0
1348,mat|tabby|dog,0,0
1349,mat|tabby|lay,0,0
1350,mat|tabby|mat,0,0
1351,mat|tabby|on,0,0
1352,mat|tabby|red,0,0
1353,mat|tabby|rug,0,0
1354,mat|tabby|sat,0,0
1355,mat|tabby|small,0,0
1356,mat|tabby|tabby,0,0
1357,mat|tabby|the,0,0
1358,mat|the|big,-0.2388,-0.2388
1359,mat|the|brown,0,0
1360,mat|the|calico,-0.3170,-0.3170
1361,mat|the|cat,0,0
1362,mat|the|dog,0,0
1363,mat|the|lay,0,0
1364,mat|the|mat,0,0
1365,mat|the|on,0,0
1366,mat|the|red,0,0
1367,mat|the|rug,0,0
1368,mat|the|sat,0,0
1369,mat|the|small,-0.2388,3.1041
1370,mat|the|tabby,-0.2388,-0.2388
1371,mat|the|the,0,0
1372,on|big|big,0,0
1373,on|big|brown,0,0
1374,on|big|calico,0,0
1375,on|big|cat,0,0
1376,on|big|dog,0,0
1377,on|big|lay,0,0
1378,on|big|mat,0,0
1379,on|big|on,0,0
1380,on|big|red,0,0
1381,on|big|rug,0,0
1382,on|big|sat,0,0
1383,on|big|small,0,0
1384,on|big|tabby,0,0
1385,on|big|the,0,0
1386,on|brown|big,0,0
1387,on|brown|brown,0,0
1388,on|brown|calico,0,0
1389,on|brown|cat,0,0
1390,on|brown|dog,0,0
1391,on|brown|lay,0,0
1392,on|brown|mat,0,0
1393,on|brown|on,0,0
1394,on|brown|red,0,0
1395,on|brown|rug,0,0
1396,on|brown|sat,0,0
1397,on|brown|small,0,0
1398,on|brown|tabby,0,0
1399,on|brown|the,0,0
1400,on|calico|big,0,0
1401,on|calico|brown,0,0
1402,on|calico|calico,0,0
1403,on|calico|cat,0,0
1404,on|calico|dog,0,0
1405,on|calico|lay,0,0
1406,on|calico|mat,0,0
1407,on|calico|on,0,0
1408,on|calico|red,0,0
1409,on|calico|rug,0,0
1410,on|calico|sat,0,0
1411,on|calico|small,0,0
1412,on|calico|tabby,0,0
1413,on|calico|the,0,0
1414,on|cat|big,0,0
1415,on|cat|brown,0,0
1416,on|cat|calico,0,0
1417,on|cat|cat,0,0
1418,on|cat|dog,0,0
1419,on|cat|lay,0,0
1420,on|cat|mat,0,0
1421,on|cat|on,0,0
1422,on|cat|red,0,0
1423,on|cat|rug,0,0
1424,on|cat|sat,0,0
1425,on|cat|small,0,0
1426,on|cat|tabby,0,0
1427,on|cat|the,0,0
1428,on|dog|big,0,0
1429,on|dog|brown,0,0
1430,on|dog|calico,0,0
1431,on|dog|cat,0,0
1432,on|dog|dog,0,0
1433,on|dog|lay,0,0
1434,on|dog|mat,0,0
1435,on|dog|on,0,0
1436,on|dog|red,0,0
1437,on|dog|rug,0,0
1438,on|dog|sat,0,0
1439,on|dog|small,0,0
1440,on|dog|tabby,0,0
1441,on|dog|the,0,0
1442,on|lay|big,0,0
1443,on|lay|brown,0,0
1444,on|lay|calico,0,0
1445,on|lay|cat,0,0
1446,on|lay|dog,0,0
1447,on|lay|lay,0,0
1448,on|lay|mat,0,0
1449,on|lay|on,0,0
1450,on|lay|red,0,0
1451,on|lay|rug,0,0
1452,on|lay|sat,0,0
1453,on|lay|small,0,0
1454,on|lay|tabby,0,0
1455,on|lay|the,0,0
1456,on|mat|big,0,0
1457,on|mat|brown,0,0
1458,on|mat|calico,0,0
1459,on|mat|cat,0,0
1460,on|mat|dog,0,0
1461,on|mat|lay,0,0
1462,on|mat|mat,0,0
1463,on|mat|on,0,0
1464,on|mat|red,0,0
1465,on|mat|rug,0,0
1466,on|mat|sat,0,0
1467,on|mat|small,0,0
1468,on|mat|tabby,0,0
1469,on|mat|the,0,0
1470,on|on|big,0,0
1471,on|on|brown,0,0
1472,on|on|calico,0,0
1473,on|on|cat,0,0
1474,on|on|dog,0,0
1475,on|on|lay,0,0
1476,on|on|mat,0,0
1477,on|on|on,0,0
1478,on|on|red,0,0
1479,on|on|rug,0,0
1480,on|on|sat,0,0
1481,on|on|small,0,0
1482,on|on|tabby,0,0
1483,on|on|the,0,0
1484,on|red|big,0,0
1485,on|red|brown,0,0
1486,on|red|calico,0,0
1487,on|red|cat,0,0
1488,on|red|dog,0,0
1489,on|red|lay,0,0
1490,on|red|mat,0,0
1491,on|red|on,0,0
1492,on|red|red,0,0
1493,on|red|rug,0,0
1494,on|red|sat,0,0
1495,on|red|small,0,0
1496,on|red|tabby,0,0
1497,on|red|the,0,0
1498,on|rug|big,0,0
1499,on|rug|brown,0,0
1500,on|rug|calico,0,0
1501,on|rug|cat,0,0
1502,on|rug|dog,0,0
1503,on|rug|lay,0,0
1504,on|rug|mat,0,0
1505,on|rug|on,0,0
1506,on|rug|red,0,0
1507,on|rug|rug,0,0
1508,on|rug|sat,0,0
1509,on|rug|small,0,0
1510,on|rug|tabby,0,0
1511,on|rug|the,0,0
1512,on|sat|big,0,0
1513,on|sat|brown,0,0
1514,on|sat|calico,0,0
1515,on|sat|cat,0,0
1516,on|sat|dog,0,0
1517,on|sat|lay,0,0
1518,on|sat|mat,0,0
1519,on|sat|on,0,0
1520,on|sat|red,0,0
1521,on|sat|rug,0,0
1522,on|sat|sat,0,0
1523,on|sat|small,0,0
1524,on|sat|tabby,0,0
1525,on|sat|the,0,0
1526,on|small|big,0,0
1527,on|small|brown,0,0
1528,on|small|calico,0,0
1529,on|small|cat,0,0
1530,on|small|dog,0,0
1531,on|small|lay,0,0
1532,on|small|mat,0,0
1533,on|small|on,0,0
1534,on|small|red,0,0
1535,on|small|rug,0,0
1536,on|small|sat,0,0
1537,on|small|small,0,0
1538,on|small|tabby,0,0
1539,on|small|the,0,0
1540,on|tabby|big,0,0
1541,on|tabby|brown,0,0
1542,on|tabby|calico,0,0
1543,on|tabby|cat,0,0
1544,on|tabby|dog,0,0
1545,on|tabby|lay,0,0
1546,on|tabby|mat,0,0
1547,on|tabby|on,0,0
1548,on|tabby|red,0,0
1549,on|tabby|rug,0,0
1550,on|tabby|sat,0,0
1551,on|tabby|small,0,0
1552,on|tabby|tabby,0,0
1553,on|tabby|the,0,0
1554,on|the|big,0,0
1555,on|the|brown,0,0
1556,on|the|calico,0,0
1557,on|the|cat,0,0
1558,on|the|dog,0,0
1559,on|the|lay,0,0
1560,on|the|mat,-0.4025,-0.4025
1561,on|the|on,0,0
1562,on|the|red,0,0
1563,on|the|rug,-0.4179,-0.4179
1564,on|the|sat,0,0
1565,on|the|small,0,0
1566,on|the|tabby,0,0
1567,on|the|the,0,0
1568,red|big|big,0,0
1569,red|big|brown,0,0
1570,red|big|calico,0,0
1571,red|big|cat,0,0
1572,red|big|dog,0,0
1573,red|big|lay,0,0
1574,red|big|mat,0,0
1575,red|big|on,0,0
1576,red|big|red,0,0
1577,red|big|rug,0,0
1578,red|big|sat,0,0
1579,red|big|small,0,0
1580,red|big|tabby,0,0
1581,red|big|the,0,0
1582,red|brown|big,0,0
1583,red|brown|brown,0,0
1584,red|brown|calico,0,0
1585,red|brown|cat,0,0
1586,red|brown|dog,0,0
1587,red|brown|lay,0,0
1588,red|brown|mat,0,0
1589,red|brown|on,0,0
1590,red|brown|red,0,0
1591,red|brown|rug,0,0
1592,red|brown|sat,0,0
1593,red|brown|small,0,0
1594,red|brown|tabby,0,0
1595,red|brown|the,0,0
1596,red|calico|big,0,0
1597,red|calico|brown,0,0
1598,red|calico|calico,0,0
1599,red|calico|cat,0,0
1600,red|calico|dog,0,0
1601,red|calico|lay,0,0
1602,red|calico|mat,0,0
1603,red|calico|on,0,0
1604,red|calico|red,0,0
1605,red|calico|rug,0,0
1606,red|calico|sat,0,0
1607,red|calico|small,0,0
1608,red|calico|tabby,0,0
1609,red|calico|the,0,0
1610,red|cat|big,0,0
1611,red|cat|brown,0,0
1612,red|cat|calico,0,0
1613,red|cat|cat,0,0
1614,red|cat|dog,0,0
1615,red|cat|lay,0,0
1616,red|cat|mat,0,0
1617,red|cat|on,0,0
1618,red|cat|red,0,0
1619,red|cat|rug,0,0
1620,red|cat|sat,0,0
1621,red|cat|small,0,0
1622,red|cat|tabby,0,0
1623,red|cat|the,0,0
1624,red|dog|big,0,0
1625,red|dog|brown,0,0
1626,red|dog|calico,0,0
1627,red|dog|cat,0,0
1628,red|dog|dog,0,0
1629,red|dog|lay,0,0
1630,red|dog|mat,0,0
1631,red|dog|on,0,0
1632,red|dog|red,0,0
1633,red|dog|rug,0,0
1634,red|dog|sat,-0.3568,-0.3568
1635,red|dog|small,0,0
1636,red|dog|tabby,0,0
1637,red|dog|the,0,0
1638,red|lay|big,0,0
1639,red|lay|brown,0,0
1640,red|lay|calico,0,0
1641,red|lay|cat,0,0
1642,red|lay|dog,0,0
1643,red|lay|lay,0,0
1644,red|lay|mat,0,0
1645,red|lay|on,0,0
1646,red|lay|red,0,0
1647,red|lay|rug,0,0
1648,red|lay|sat,0,0
1649,red|lay|small,0,0
1650,red|lay|tabby,0,0
1651,red|lay|the,0,0
1652,red|mat|big,0,0
1653,red|mat|brown,0,0
1654,red|mat|calico,0,0
1655,red|mat|cat,0,0
1656,red|mat|dog,0,0
1657,red|mat|lay,0,0
1658,red|mat|mat,0,0
1659,red|mat|on,0,0
1660,red|mat|red,0,0
1661,red|mat|rug,0,0
1662,red|mat|sat,0,0
1663,red|mat|small,0,0
1664,red|mat|tabby,0,0
1665,red|mat|the,0,0
1666,red|on|big,0,0
1667,red|on|brown,0,0
1668,red|on|calico,0,0
1669,red|on|cat,0,0
1670,red|on|dog,0,0
1671,red|on|lay,0,0
1672,red|on|mat,0,0
1673,red|on|on,0,0
1674,red|on|red,0,0
1675,red|on|rug,0,0
1676,red|on|sat,0,0
1677,red|on|small,0,0
1678,red|on|tabby,0,0
1679,red|on|the,0,0
1680,red|red|big,0,0
1681,red|red|brown,0,0
1682,red|red|calico,0,0
1683,red|red|cat,0,0
1684,red|red|dog,0,0
1685,red|red|lay,0,0
1686,red|red|mat,0,0
1687,red|red|on,0,0
1688,red|red|red,0,0
1689,red|red|rug,0,0
1690,red|red|sat,0,0
1691,red|red|small,0,0
1692,red|red|tabby,0,0
1693,red|red|the,0,0
1694,red|rug|big,0,0
1695,red|rug|brown,0,0
1696,red|rug|calico,0,0
1697,red|rug|cat,0,0
1698,red|rug|dog,0,0
1699,red|rug|lay,0,0
1700,red|rug|mat,0,0
1701,red|rug|on,0,0
1702,red|rug|red,0,0
1703,red|rug|rug,0,0
1704,red|rug|sat,0,0
1705,red|rug|small,0,0
1706,red|rug|tabby,0,0
1707,red|rug|the,0,0
1708,red|sat|big,0,0
1709,red|sat|brown,0,0
1710,red|sat|calico,0,0
1711,red|sat|cat,0,0
1712,red|sat|dog,0,0
1713,red|sat|lay,0,0
1714,red|sat|mat,0,0
1715,red|sat|on,0,0
1716,red|sat|red,0,0
1717,red|sat|rug,0,0
1718,red|sat|sat,0,0
1719,red|sat|small,0,0
1720,red|sat|tabby,0,0
1721,red|sat|the,0,0
1722,red|small|big,0,0
1723,red|small|brown,0,0
1724,red|small|calico,0,0
1725,red|small|cat,0,0
1726,red|small|dog,0,0
1727,red|small|lay,0,0
1728,red|small|mat,0,0
1729,red|small|on,0,0
1730,red|small|red,0,0
1731,red|small|rug,0,0
1732,red|small|sat,0,0
1733,red|small|small,0,0
1734,red|small|tabby,0,0
1735,red|small|the,0,0
1736,red|tabby|big,0,0
1737,red|tabby|brown,0,0
1738,red|tabby|calico,0,0
1739,red|tabby|cat,0,0
1740,red|tabby|dog,0,0
1741,red|tabby|lay,0,0
1742,red|tabby|mat,0,0
1743,red|tabby|on,0,0
1744,red|tabby|red,0,0
1745,red|tabby|rug,0,0
1746,red|tabby|sat,0,0
1747,red|tabby|small,0,0
1748,red|tabby|tabby,0,0
1749,red|tabby|the,0,0
1750,red|the|big,0,0
1751,red|the|brown,0,0
1752,red|the|calico,0,0
1753,red|the|cat,0,0
1754,red|the|dog,0,0
1755,red|the|lay,0,0
1756,red|the|mat,0,0
1757,red|the|on,0,0
1758,red|the|red,0,0
1759,red|the|rug,0,0
1760,red|the|sat,0,0
1761,red|the|small,0,0
1762,red|the|tabby,0,0
1763,red|the|the,0,0
1764,rug|big|big,0,0
1765,rug|big|brown,0,0
1766,rug|big|calico,0,0
1767,rug|big|cat,0,0
1768,rug|big|dog,0,0
1769,rug|big|lay,0,0
1770,rug|big|mat,0,0
1771,rug|big|on,0,0
1772,rug|big|red,0,0
1773,rug|big|rug,0,0
1774,rug|big|sat,0,0
1775,rug|big|small,0,0
1776,rug|big|tabby,0,0
1777,rug|big|the,0,0
1778,rug|brown|big,0,0
1779,rug|brown|brown,0,0
1780,rug|brown|calico,0,0
1781,rug|brown|cat,0,0
1782,rug|brown|dog,0,0
1783,rug|brown|lay,0,0
1784,rug|brown|mat,0,0
1785,rug|brown|on,0,0
1786,rug|brown|red,0,0
1787,rug|brown|rug,0,0
1788,rug|brown|sat,0,0
1789,rug|brown|small,0,0
1790,rug|brown|tabby,0,0
1791,rug|brown|the,0,0
1792,rug|calico|big,0,0
1793,rug|calico|brown,0,0
1794,rug|calico|calico,0,0
1795,rug|calico|cat,0,0
1796,rug|calico|dog,0,0
1797,rug|calico|lay,0,0
1798,rug|calico|mat,0,0
1799,rug|calico|on,0,0
1800,rug|calico|red,0,0
1801,rug|calico|rug,0,0
1802,rug|calico|sat,0,0
1803,rug|calico|small,0,0
1804,rug|calico|tabby,0,0
1805,rug|calico|the,0,0
1806,rug|cat|big,0,0
1807,rug|cat|brown,0,0
1808,rug|cat|calico,0,0
1809,rug|cat|cat,0,0
1810,rug|cat|dog,0,0
1811,rug|cat|lay,0,0
1812,rug|cat|mat,0,0
1813,rug|cat|on,0,0
1814,rug|cat|red,0,0
1815,rug|cat|rug,0,0
1816,rug|cat|sat,0,0
1817,rug|cat|small,0,0
1818,rug|cat|tabby,0,0
1819,rug|cat|the,0,0
1820,rug|dog|big,0,0
1821,rug|dog|brown,0,0
1822,rug|dog|calico,0,0
1823,rug|dog|cat,0,0
1824,rug|dog|dog,0,0
1825,rug|dog|lay,0,0
1826,rug|dog|mat,0,0
1827,rug|dog|on,0,0
1828,rug|dog|red,0,0
1829,rug|dog|rug,0,0
1830,rug|dog|sat,0,0
1831,rug|dog|small,0,0
1832,rug|dog|tabby,0,0
1833,rug|dog|the,0,0
1834,rug|lay|big,0,0
1835,rug|lay|brown,0,0
1836,rug|lay|calico,0,0
1837,rug|lay|cat,0,0
1838,rug|lay|dog,0,0
1839,rug|lay|lay,0,0
1840,rug|lay|mat,0,0
1841,rug|lay|on,0,0
1842,rug|lay|red,0,0
1843,rug|lay|rug,0,0
1844,rug|lay|sat,0,0
1845,rug|lay|small,0,0
1846,rug|lay|tabby,0,0
1847,rug|lay|the,0,0
1848,rug|mat|big,0,0
1849,rug|mat|brown,0,0
1850,rug|mat|calico,0,0
1851,rug|mat|cat,0,0
1852,rug|mat|dog,0,0
1853,rug|mat|lay,0,0
1854,rug|mat|mat,0,0
1855,rug|mat|on,0,0
1856,rug|mat|red,0,0
1857,rug|mat|rug,0,0
1858,rug|mat|sat,0,0
1859,rug|mat|small,0,0
1860,rug|mat|tabby,0,0
1861,rug|mat|the,0,0
1862,rug|on|big,0,0
1863,rug|on|brown,0,0
1864,rug|on|calico,0,0
1865,rug|on|cat,0,0
1866,rug|on|dog,0,0
1867,rug|on|lay,0,0
1868,rug|on|mat,0,0
1869,rug|on|on,0,0
1870,rug|on|red,0,0
1871,rug|on|rug,0,0
1872,rug|on|sat,0,0
1873,rug|on|small,0,0
1874,rug|on|tabby,0,0
1875,rug|on|the,0,0
1876,rug|red|big,0,0
1877,rug|red|brown,0,0
1878,rug|red|calico,0,0
1879,rug|red|cat,0,0
1880,rug|red|dog,0,0
1881,rug|red|lay,0,0
1882,rug|red|mat,0,0
1883,rug|red|on,0,0
1884,rug|red|red,0,0
1885,rug|red|rug,0,0
1886,rug|red|sat,0,0
1887,rug|red|small,0,0
1888,rug|red|tabby,0,0
1889,rug|red|the,0,0
1890,rug|rug|big,0,0
1891,rug|rug|brown,0,0
1892,rug|rug|calico,0,0
1893,rug|rug|cat,0,0
1894,rug|rug|dog,0,0
1895,rug|rug|lay,0,0
1896,rug|rug|mat,0,0
1897,rug|rug|on,0,0
1898,rug|rug|red,0,0
1899,rug|rug|rug,0,0
1900,rug|rug|sat,0,0
1901,rug|rug|small,0,0
1902,rug|rug|tabby,0,0
1903,rug|rug|the,0,0
1904,rug|sat|big,0,0
1905,rug|sat|brown,0,0
1906,rug|sat|calico,0,0
1907,rug|sat|cat,0,0
1908,rug|sat|dog,0,0
1909,rug|sat|lay,0,0
1910,rug|sat|mat,0,0
1911,rug|sat|on,0,0
1912,rug|sat|red,0,0
1913,rug|sat|rug,0,0
1914,rug|sat|sat,0,0
1915,rug|sat|small,0,0
1916,rug|sat|tabby,0,0
1917,rug|sat|the,0,0
1918,rug|small|big,0,0
1919,rug|small|brown,0,0
1920,rug|small|calico,0,0
1921,rug|small|cat,0,0
1922,rug|small|dog,0,0
1923,rug|small|lay,0,0
1924,rug|small|mat,0,0
1925,rug|small|on,0,0
1926,rug|small|red,0,0
1927,rug|small|rug,0,0
1928,rug|small|sat,0,0
1929,rug|small|small,0,0
1930,rug|small|tabby,0,0
1931,rug|small|the,0,0
1932,rug|tabby|big,0,0
1933,rug|tabby|brown,0,0
1934,rug|tabby|calico,0,0
1935,rug|tabby|cat,0,0
1936,rug|tabby|dog,0,0
1937,rug|tabby|lay,0,0
1938,rug|tabby|mat,0,0
1939,rug|tabby|on,0,0
1940,rug|tabby|red,0,0
1941,rug|tabby|rug,0,0
1942,rug|tabby|sat,0,0
1943,rug|tabby|small,0,0
1944,rug|tabby|tabby,0,0
1945,rug|tabby|the,0,0
1946,rug|the|big,-0.3170,-0.3170
1947,rug|the|brown,0,0
1948,rug|the|calico,-0.2388,-0.2388
1949,rug|the|cat,0,0
1950,rug|the|dog,0,0
1951,rug|the|lay,0,0
1952,rug|the|mat,0,0
1953,rug|the|on,0,0
1954,rug|the|red,0,0
1955,rug|the|rug,0,0
1956,rug|the|sat,0,0
1957,rug|the|small,-0.3170,4.1216
1958,rug|the|tabby,-0.2388,-0.2388
1959,rug|the|the,0,0
1960,sat|big|big,0,0
1961,sat|big|brown,0,0
1962,sat|big|calico,0,0
1963,sat|big|cat,0,0
1964,sat|big|dog,0,0
1965,sat|big|lay,0,0
1966,sat|big|mat,0,0
1967,sat|big|on,0,0
1968,sat|big|red,0,0
1969,sat|big|rug,0,0
1970,sat|big|sat,0,0
1971,sat|big|small,0,0
1972,sat|big|tabby,0,0
1973,sat|big|the,0,0
1974,sat|brown|big,0,0
1975,sat|brown|brown,0,0
1976,sat|brown|calico,0,0
1977,sat|brown|cat,0,0
1978,sat|brown|dog,0,0
1979,sat|brown|lay,0,0
1980,sat|brown|mat,0,0
1981,sat|brown|on,0,0
1982,sat|brown|red,0,0
1983,sat|brown|rug,0,0
1984,sat|brown|sat,0,0
1985,sat|brown|small,0,0
1986,sat|brown|tabby,0,0
1987,sat|brown|the,0,0
1988,sat|calico|big,0,0
1989,sat|calico|brown,0,0
1990,sat|calico|calico,0,0
1991,sat|calico|cat,0,0
1992,sat|calico|dog,0,0
1993,sat|calico|lay,0,0
1994,sat|calico|mat,0,0
1995,sat|calico|on,0,0
1996,sat|calico|red,0,0
1997,sat|calico|rug,0,0
1998,sat|calico|sat,0,0
1999,sat|calico|small,0,0
2000,sat|calico|tabby,0,0
2001,sat|calico|the,0,0
2002,sat|cat|big,0,0
2003,sat|cat|brown,0,0
2004,sat|cat|calico,0,0
2005,sat|cat|cat,0,0
2006,sat|cat|dog,0,0
2007,sat|cat|lay,0,0
2008,sat|cat|mat,0,0
2009,sat|cat|on,0,0
2010,sat|cat|red,0,0
2011,sat|cat|rug,0,0
2012,sat|cat|sat,0,0
2013,sat|cat|small,0,0
2014,sat|cat|tabby,0,0
2015,sat|cat|the,0,0
2016,sat|dog|big,0,0
2017,sat|dog|brown,0,0
2018,sat|dog|calico,0,0
2019,sat|dog|cat,0,0
2020,sat|dog|dog,0,0
2021,sat|dog|lay,0,0
2022,sat|dog|mat,0,0
2023,sat|dog|on,0,0
2024,sat|dog|red,0,0
2025,sat|dog|rug,0,0
2026,sat|dog|sat,0,0
2027,sat|dog|small,0,0
2028,sat|dog|tabby,0,0
2029,sat|dog|the,0,0
2030,sat|lay|big,0,0
2031,sat|lay|brown,0,0
2032,sat|lay|calico,0,0
2033,sat|lay|cat,0,0
2034,sat|lay|dog,0,0
2035,sat|lay|lay,0,0
2036,sat|lay|mat,0,0
2037,sat|lay|on,0,0
2038,sat|lay|red,0,0
2039,sat|lay|rug,0,0
2040,sat|lay|sat,0,0
2041,sat|lay|small,0,0
2042,sat|lay|tabby,0,0
2043,sat|lay|the,0,0
2044,sat|mat|big,0,0
2045,sat|mat|brown,0,0
2046,sat|mat|calico,0,0
2047,sat|mat|cat,0,0
2048,sat|mat|dog,0,0
2049,sat|mat|lay,0,0
2050,sat|mat|mat,0,0
2051,sat|mat|on,0,0
2052,sat|mat|red,0,0
2053,sat|mat|rug,0,0
2054,sat|mat|sat,0,0
2055,sat|mat|small,0,0
2056,sat|mat|tabby,0,0
2057,sat|mat|the,0,0
2058,sat|on|big,0,0
2059,sat|on|brown,0,0
2060,sat|on|calico,0,0
2061,sat|on|cat,0,0
2062,sat|on|dog,0,0
2063,sat|on|lay,0,0
2064,sat|on|mat,0,0
2065,sat|on|on,0,0
2066,sat|on|red,0,0
2067,sat|on|rug,0,0
2068,sat|on|sat,0,0
2069,sat|on|small,0,0
2070,sat|on|tabby,0,0
2071,sat|on|the,-0.6262,-0.6262
2072,sat|red|big,0,0
2073,sat|red|brown,0,0
2074,sat|red|calico,0,0
2075,sat|red|cat,0,0
2076,sat|red|dog,0,0
2077,sat|red|lay,0,0
2078,sat|red|mat,0,0
2079,sat|red|on,0,0
2080,sat|red|red,0,0
2081,sat|red|rug,0,0
2082,sat|red|sat,0,0
2083,sat|red|small,0,0
2084,sat|red|tabby,0,0
2085,sat|red|the,0,0
2086,sat|rug|big,0,0
2087,sat|rug|brown,0,0
2088,sat|rug|calico,0,0
2089,sat|rug|cat,0,0
2090,sat|rug|dog,0,0
2091,sat|rug|lay,0,0
2092,sat|rug|mat,0,0
2093,sat|rug|on,0,0
2094,sat|rug|red,0,0
2095,sat|rug|rug,0,0
2096,sat|rug|sat,0,0
2097,sat|rug|small,0,0
2098,sat|rug|tabby,0,0
2099,sat|rug|the,0,0
2100,sat|sat|big,0,0
2101,sat|sat|brown,0,0
2102,sat|sat|calico,0,0
2103,sat|sat|cat,0,0
2104,sat|sat|dog,0,0
2105,sat|sat|lay,0,0
2106,sat|sat|mat,0,0
2107,sat|sat|on,0,0
2108,sat|sat|red,0,0
2109,sat|sat|rug,0,0
2110,sat|sat|sat,0,0
2111,sat|sat|small,0,0
2112,sat|sat|tabby,0,0
2113,sat|sat|the,0,0
2114,sat|small|big,0,0
2115,sat|small|brown,0,0
2116,sat|small|calico,0,0
2117,sat|small|cat,0,0
2118,sat|small|dog,0,0
2119,sat|small|lay,0,0
2120,sat|small|mat,0,0
2121,sat|small|on,0,0
2122,sat|small|red,0,0
2123,sat|small|rug,0,0
2124,sat|small|sat,0,0
2125,sat|small|small,0,0
2126,sat|small|tabby,0,0
2127,sat|small|the,0,0
2128,sat|tabby|big,0,0
2129,sat|tabby|brown,0,0
2130,sat|tabby|calico,0,0
2131,sat|tabby|cat,0,0
2132,sat|tabby|dog,0,0
2133,sat|tabby|lay,0,0
2134,sat|tabby|mat,0,0
2135,sat|tabby|on,0,0
2136,sat|tabby|red,0,0
2137,sat|tabby|rug,0,0
2138,sat|tabby|sat,0,0
2139,sat|tabby|small,0,0
2140,sat|tabby|tabby,0,0
2141,sat|tabby|the,0,0
2142,sat|the|big,0,0
2143,sat|the|brown,0,0
2144,sat|the|calico,0,0
2145,sat|the|cat,0,0
2146,sat|the|dog,0,0
2147,sat|the|lay,0,0
2148,sat|the|mat,0,0
2149,sat|the|on,0,0
2150,sat|the|red,0,0
2151,sat|the|rug,0,0
2152,sat|the|sat,0,0
2153,sat|the|small,0,0
2154,sat|the|tabby,0,0
2155,sat|the|the,0,0
2156,small|big|big,0,0
2157,small|big|brown,0,0
2158,small|big|calico,0,0
2159,small|big|cat,0,0
2160,small|big|dog,0,0
2161,small|big|lay,0,0
2162,small|big|mat,0,0
2163,small|big|on,0,0
2164,small|big|red,0,0
2165,small|big|rug,0,0
2166,small|big|sat,0,0
2167,small|big|small,0,0
2168,small|big|tabby,0,0
2169,small|big|the,0,0
2170,small|brown|big,0,0
2171,small|brown|brown,0,0
2172,small|brown|calico,0,0
2173,small|brown|cat,0,0
2174,small|brown|dog,-0.3568,-0.3568
2175,small|brown|lay,0,0
2176,small|brown|mat,0,0
2177,small|brown|on,0,0
2178,small|brown|red,0,0
2179,small|brown|rug,0,0
2180,small|brown|sat,0,0
2181,small|brown|small,0,0
2182,small|brown|tabby,0,0
2183,small|brown|the,0,0
2184,small|calico|big,0,0
2185,small|calico|brown,0,0
2186,small|calico|calico,0,0
2187,small|calico|cat,0,0
2188,small|calico|dog,0,0
2189,small|calico|lay,0,0
2190,small|calico|mat,0,0
2191,small|calico|on,0,0
2192,small|calico|red,0,0
2193,small|calico|rug,0,0
2194,small|calico|sat,0,0
2195,small|calico|small,0,0
2196,small|calico|tabby,0,0
2197,small|calico|the,0,0
2198,small|cat|big,0,0
2199,small|cat|brown,0,0
2200,small|cat|calico,0,0
2201,small|cat|cat,0,0
2202,small|cat|dog,0,0
2203,small|cat|lay,0,0
2204,small|cat|mat,0,0
2205,small|cat|on,0,0
2206,small|cat|red,0,0
2207,small|cat|rug,0,0
2208,small|cat|sat,0,0
2209,small|cat|small,0,0
2210,small|cat|tabby,0,0
2211,small|cat|the,0,0
2212,small|dog|big,0,0
2213,small|dog|brown,0,0
2214,small|dog|calico,0,0
2215,small|dog|cat,0,0
2216,small|dog|dog,0,0
2217,small|dog|lay,0,0
2218,small|dog|mat,0,0
2219,small|dog|on,0,0
2220,small|dog|red,0,0
2221,small|dog|rug,0,0
2222,small|dog|sat,0,0
2223,small|dog|small,0,0
2224,small|dog|tabby,0,0
2225,small|dog|the,0,0
2226,small|lay|big,0,0
2227,small|lay|brown,0,0
2228,small|lay|calico,0,0
2229,small|lay|cat,0,0
2230,small|lay|dog,0,0
2231,small|lay|lay,0,0
2232,small|lay|mat,0,0
2233,small|lay|on,0,0
2234,small|lay|red,0,0
2235,small|lay|rug,0,0
2236,small|lay|sat,0,0
2237,small|lay|small,0,0
2238,small|lay|tabby,0,0
2239,small|lay|the,0,0
2240,small|mat|big,0,0
2241,small|mat|brown,0,0
2242,small|mat|calico,0,0
2243,small|mat|cat,0,0
2244,small|mat|dog,0,0
2245,small|mat|lay,0,0
2246,small|mat|mat,0,0
2247,small|mat|on,0,0
2248,small|mat|red,0,0
2249,small|mat|rug,0,0
2250,small|mat|sat,0,0
2251,small|mat|small,0,0
2252,small|mat|tabby,0,0
2253,small|mat|the,0,0
2254,small|on|big,0,0
2255,small|on|brown,0,0
2256,small|on|calico,0,0
2257,small|on|cat,0,0
2258,small|on|dog,0,0
2259,small|on|lay,0,0
2260,small|on|mat,0,0
2261,small|on|on,0,0
2262,small|on|red,0,0
2263,small|on|rug,0,0
2264,small|on|sat,0,0
2265,small|on|small,0,0
2266,small|on|tabby,0,0
2267,small|on|the,0,0
2268,small|red|big,0,0
2269,small|red|brown,0,0
2270,small|red|calico,0,0
2271,small|red|cat,0,0
2272,small|red|dog,0,0
2273,small|red|lay,0,0
2274,small|red|mat,0,0
2275,small|red|on,0,0
2276,small|red|red,0,0
2277,small|red|rug,0,0
2278,small|red|sat,0,0
2279,small|red|small,0,0
2280,small|red|tabby,0,0
2281,small|red|the,0,0
2282,small|rug|big,0,0
2283,small|rug|brown,0,0
2284,small|rug|calico,0,0
2285,small|rug|cat,0,0
2286,small|rug|dog,0,0
2287,small|rug|lay,0,0
2288,small|rug|mat,0,0
2289,small|rug|on,0,0
2290,small|rug|red,0,0
2291,small|rug|rug,0,0
2292,small|rug|sat,0,0
2293,small|rug|small,0,0
2294,small|rug|tabby,0,0
2295,small|rug|the,0,0
2296,small|sat|big,0,0
2297,small|sat|brown,0,0
2298,small|sat|calico,0,0
2299,small|sat|cat,0,0
2300,small|sat|dog,0,0
2301,small|sat|lay,0,0
2302,small|sat|mat,0,0
2303,small|sat|on,0,0
2304,small|sat|red,0,0
2305,small|sat|rug,0,0
2306,small|sat|sat,0,0
2307,small|sat|small,0,0
2308,small|sat|tabby,0,0
2309,small|sat|the,0,0
2310,small|small|big,0,0
2311,small|small|brown,0,0
2312,small|small|calico,0,0
2313,small|small|cat,0,0
2314,small|small|dog,0,0
2315,small|small|lay,0,0
2316,small|small|mat,0,0
2317,small|small|on,0,0
2318,small|small|red,0,0
2319,small|small|rug,0,0
2320,small|small|sat,0,0
2321,small|small|small,0,0
2322,small|small|tabby,0,0
2323,small|small|the,0,0
2324,small|tabby|big,0,0
2325,small|tabby|brown,0,0
2326,small|tabby|calico,0,0
2327,small|tabby|cat,0,0
2328,small|tabby|dog,0,0
2329,small|tabby|lay,0,0
2330,small|tabby|mat,0,0
2331,small|tabby|on,0,0
2332,small|tabby|red,0,0
2333,small|tabby|rug,0,0
2334,small|tabby|sat,0,0
2335,small|tabby|small,0,0
2336,small|tabby|tabby,0,0
2337,small|tabby|the,0,0
2338,small|the|big,0,0
2339,small|the|brown,0,0
2340,small|the|calico,0,0
2341,small|the|cat,0,0
2342,small|the|dog,0,0
2343,small|the|lay,0,0
2344,small|the|mat,0,0
2345,small|the|on,0,0
2346,small|the|red,0,0
2347,small|the|rug,0,0
2348,small|the|sat,0,0
2349,small|the|small,0,0
2350,small|the|tabby,0,0
2351,small|the|the,0,0
2352,tabby|big|big,0,0
2353,tabby|big|brown,0,0
2354,tabby|big|calico,0,0
2355,tabby|big|cat,0,0
2356,tabby|big|dog,0,0
2357,tabby|big|lay,0,0
2358,tabby|big|mat,0,0
2359,tabby|big|on,0,0
2360,tabby|big|red,0,0
2361,tabby|big|rug,0,0
2362,tabby|big|sat,0,0
2363,tabby|big|small,0,0
2364,tabby|big|tabby,0,0
2365,tabby|big|the,0,0
2366,tabby|brown|big,0,0
2367,tabby|brown|brown,0,0
2368,tabby|brown|calico,0,0
2369,tabby|brown|cat,0,0
2370,tabby|brown|dog,0,0
2371,tabby|brown|lay,0,0
2372,tabby|brown|mat,0,0
2373,tabby|brown|on,0,0
2374,tabby|brown|red,0,0
2375,tabby|brown|rug,0,0
2376,tabby|brown|sat,0,0
2377,tabby|brown|small,0,0
2378,tabby|brown|tabby,0,0
2379,tabby|brown|the,0,0
2380,tabby|calico|big,0,0
2381,tabby|calico|brown,0,0
2382,tabby|calico|calico,0,0
2383,tabby|calico|cat,0,0
2384,tabby|calico|dog,0,0
2385,tabby|calico|lay,0,0
2386,tabby|calico|mat,0,0
2387,tabby|calico|on,0,0
2388,tabby|calico|red,0,0
2389,tabby|calico|rug,0,0
2390,tabby|calico|sat,0,0
2391,tabby|calico|small,0,0
2392,tabby|calico|tabby,0,0
2393,tabby|calico|the,0,0
2394,tabby|cat|big,0,0
2395,tabby|cat|brown,0,0
2396,tabby|cat|calico,0,0
2397,tabby|cat|cat,0,0
2398,tabby|cat|dog,0,0
2399,tabby|cat|lay,0,0
2400,tabby|cat|mat,0,0
2401,tabby|cat|on,0,0
2402,tabby|cat|red,0,0
2403,tabby|cat|rug,0,0
2404,tabby|cat|sat,-0.3568,-0.3568
2405,tabby|cat|small,0,0
2406,tabby|cat|tabby,0,0
2407,tabby|cat|the,0,0
2408,tabby|dog|big,0,0
2409,tabby|dog|brown,0,0
2410,tabby|dog|calico,0,0
2411,tabby|dog|cat,0,0
2412,tabby|dog|dog,0,0
2413,tabby|dog|lay,0,0
2414,tabby|dog|mat,0,0
2415,tabby|dog|on,0,0
2416,tabby|dog|red,0,0
2417,tabby|dog|rug,0,0
2418,tabby|dog|sat,0,0
2419,tabby|dog|small,0,0
2420,tabby|dog|tabby,0,0
2421,tabby|dog|the,0,0
2422,tabby|lay|big,0,0
2423,tabby|lay|brown,0,0
2424,tabby|lay|calico,0,0
2425,tabby|lay|cat,0,0
2426,tabby|lay|dog,0,0
2427,tabby|lay|lay,0,0
2428,tabby|lay|mat,0,0
2429,tabby|lay|on,0,0
2430,tabby|lay|red,0,0
2431,tabby|lay|rug,0,0
2432,tabby|lay|sat,0,0
2433,tabby|lay|small,0,0
2434,tabby|lay|tabby,0,0
2435,tabby|lay|the,0,0
2436,tabby|mat|big,0,0
2437,tabby|mat|brown,0,0
2438,tabby|mat|calico,0,0
2439,tabby|mat|cat,0,0
2440,tabby|mat|dog,0,0
2441,tabby|mat|lay,0,0
2442,tabby|mat|mat,0,0
2443,tabby|mat|on,0,0
2444,tabby|mat|red,0,0
2445,tabby|mat|rug,0,0
2446,tabby|mat|sat,0,0
2447,tabby|mat|small,0,0
2448,tabby|mat|tabby,0,0
2449,tabby|mat|the,0,0
2450,tabby|on|big,0,0
2451,tabby|on|brown,0,0
2452,tabby|on|calico,0,0
2453,tabby|on|cat,0,0
2454,tabby|on|dog,0,0
2455,tabby|on|lay,0,0
2456,tabby|on|mat,0,0
2457,tabby|on|on,0,0
2458,tabby|on|red,0,0
2459,tabby|on|rug,0,0
2460,tabby|on|sat,0,0
2461,tabby|on|small,0,0
2462,tabby|on|tabby,0,0
2463,tabby|on|the,0,0
2464,tabby|red|big,0,0
2465,tabby|red|brown,0,0
2466,tabby|red|calico,0,0
2467,tabby|red|cat,0,0
2468,tabby|red|dog,0,0
2469,tabby|red|lay,0,0
2470,tabby|red|mat,0,0
2471,tabby|red|on,0,0
2472,tabby|red|red,0,0
2473,tabby|red|rug,0,0
2474,tabby|red|sat,0,0
2475,tabby|red|small,0,0
2476,tabby|red|tabby,0,0
2477,tabby|red|the,0,0
2478,tabby|rug|big,0,0
2479,tabby|rug|brown,0,0
2480,tabby|rug|calico,0,0
2481,tabby|rug|cat,0,0
2482,tabby|rug|dog,0,0
2483,tabby|rug|lay,0,0
2484,tabby|rug|mat,0,0
2485,tabby|rug|on,0,0
2486,tabby|rug|red,0,0
2487,tabby|rug|rug,0,0
2488,tabby|rug|sat,0,0
2489,tabby|rug|small,0,0
2490,tabby|rug|tabby,0,0
2491,tabby|rug|the,0,0
2492,tabby|sat|big,0,0
2493,tabby|sat|brown,0,0
2494,tabby|sat|calico,0,0
2495,tabby|sat|cat,0,0
2496,tabby|sat|dog,0,0
2497,tabby|sat|lay,0,0
2498,tabby|sat|mat,0,0
2499,tabby|sat|on,0,0
2500,tabby|sat|red,0,0
2501,tabby|sat|rug,0,0
2502,tabby|sat|sat,0,0
2503,tabby|sat|small,0,0
2504,tabby|sat|tabby,0,0
2505,tabby|sat|the,0,0
2506,tabby|small|big,0,0
2507,tabby|small|brown,0,0
2508,tabby|small|calico,0,0
2509,tabby|small|cat,0,0
2510,tabby|small|dog,0,0
2511,tabby|small|lay,0,0
2512,tabby|small|mat,0,0
2513,tabby|small|on,0,0
2514,tabby|small|red,0,0
2515,tabby|small|rug,0,0
2516,tabby|small|sat,0,0
2517,tabby|small|small,0,0
2518,tabby|small|tabby,0,0
2519,tabby|small|the,0,0
2520,tabby|tabby|big,0,0
2521,tabby|tabby|brown,0,0
2522,tabby|tabby|calico,0,0
2523,tabby|tabby|cat,0,0
2524,tabby|tabby|dog,0,0
2525,tabby|tabby|lay,0,0
2526,tabby|tabby|mat,0,0
2527,tabby|tabby|on,0,0
2528,tabby|tabby|red,0,0
2529,tabby|tabby|rug,0,0
2530,tabby|tabby|sat,0,0
2531,tabby|tabby|small,0,0
2532,tabby|tabby|tabby,0,0
2533,tabby|tabby|the,0,0
2534,tabby|the|big,0,0
2535,tabby|the|brown,0,0
2536,tabby|the|calico,0,0
2537,tabby|the|cat,0,0
2538,tabby|the|dog,0,0
2539,tabby|the|lay,0,0
2540,tabby|the|mat,0,0
2541,tabby|the|on,0,0
2542,tabby|the|red,0,0
2543,tabby|the|rug,0,0
2544,tabby|the|sat,0,0
2545,tabby|the|small,0,0
2546,tabby|the|tabby,0,0
2547,tabby|the|the,0,0
2548,the|big|big,0,0
2549,the|big|brown,0,0
2550,the|big|calico,0,0
2551,the|big|cat,0,0
2552,the|big|dog,0,0
2553,the|big|lay,0,0
2554,the|big|mat,0,0
2555,the|big|on,0,0
2556,the|big|red,-0.3568,-0.3568
2557,the|big|rug,0,0
2558,the|big|sat,0,0
2559,the|big|small,0,0
2560,the|big|tabby,0,0
2561,the|big|the,0,0
2562,the|brown|big,0,0
2563,the|brown|brown,0,0
2564,the|brown|calico,0,0
2565,the|brown|cat,0,0
2566,the|brown|dog,0,0
2567,the|brown|lay,0,0
2568,the|brown|mat,0,0
2569,the|brown|on,0,0
2570,the|brown|red,0,0
2571,the|brown|rug,0,0
2572,the|brown|sat,0,0
2573,the|brown|small,0,0
2574,the|brown|tabby,0,0
2575,the|brown|the,0,0
2576,the|calico|big,0,0
2577,the|calico|brown,0,0
2578,the|calico|calico,0,0
2579,the|calico|cat,-0.3568,-0.3568
2580,the|calico|dog,0,0
2581,the|calico|lay,0,0
2582,the|calico|mat,0,0
2583,the|calico|on,0,0
2584,the|calico|red,0,0
2585,the|calico|rug,0,0
2586,the|calico|sat,0,0
2587,the|calico|small,0,0
2588,the|calico|tabby,0,0
2589,the|calico|the,0,0
2590,the|cat|big,0,0
2591,the|cat|brown,0,0
2592,the|cat|calico,0,0
2593,the|cat|cat,0,0
2594,the|cat|dog,0,0
2595,the|cat|lay,0,0
2596,the|cat|mat,0,0
2597,the|cat|on,0,0
2598,the|cat|red,0,0
2599,the|cat|rug,0,0
2600,the|cat|sat,0,0
2601,the|cat|small,0,0
2602,the|cat|tabby,0,0
2603,the|cat|the,0,0
2604,the|dog|big,0,0
2605,the|dog|brown,0,0
2606,the|dog|calico,0,0
2607,the|dog|cat,0,0
2608,the|dog|dog,0,0
2609,the|dog|lay,0,0
2610,the|dog|mat,0,0
2611,the|dog|on,0,0
2612,the|dog|red,0,0
2613,the|dog|rug,0,0
2614,the|dog|sat,0,0
2615,the|dog|small,0,0
2616,the|dog|tabby,0,0
2617,the|dog|the,0,0
2618,the|lay|big,0,0
2619,the|lay|brown,0,0
2620,the|lay|calico,0,0
2621,the|lay|cat,0,0
2622,the|lay|dog,0,0
2623,the|lay|lay,0,0
2624,the|lay|mat,0,0
2625,the|lay|on,0,0
2626,the|lay|red,0,0
2627,the|lay|rug,0,0
2628,the|lay|sat,0,0
2629,the|lay|small,0,0
2630,the|lay|tabby,0,0
2631,the|lay|the,0,0
2632,the|mat|big,0,0
2633,the|mat|brown,0,0
2634,the|mat|calico,0,0
2635,the|mat|cat,0,0
2636,the|mat|dog,0,0
2637,the|mat|lay,0,0
2638,the|mat|mat,0,0
2639,the|mat|on,0,0
2640,the|mat|red,0,0
2641,the|mat|rug,0,0
2642,the|mat|sat,0,0
2643,the|mat|small,0,0
2644,the|mat|tabby,0,0
2645,the|mat|the,1.7541,-0.7749
2646,the|on|big,0,0
2647,the|on|brown,0,0
2648,the|on|calico,0,0
2649,the|on|cat,0,0
2650,the|on|dog,0,0
2651,the|on|lay,0,0
2652,the|on|mat,0,0
2653,the|on|on,0,0
2654,the|on|red,0,0
2655,the|on|rug,0,0
2656,the|on|sat,0,0
2657,the|on|small,0,0
2658,the|on|tabby,0,0
2659,the|on|the,0,0
2660,the|red|big,0,0
2661,the|red|brown,0,0
2662,the|red|calico,0,0
2663,the|red|cat,0,0
2664,the|red|dog,0,0
2665,the|red|lay,0,0
2666,the|red|mat,0,0
2667,the|red|on,0,0
2668,the|red|red,0,0
2669,the|red|rug,0,0
2670,the|red|sat,0,0
2671,the|red|small,0,0
2672,the|red|tabby,0,0
2673,the|red|the,0,0
2674,the|rug|big,0,0
2675,the|rug|brown,0,0
2676,the|rug|calico,0,0
2677,the|rug|cat,0,0
2678,the|rug|dog,0,0
2679,the|rug|lay,0,0
2680,the|rug|mat,0,0
2681,the|rug|on,0,0
2682,the|rug|red,0,0
2683,the|rug|rug,0,0
2684,the|rug|sat,0,0
2685,the|rug|small,0,0
2686,the|rug|tabby,0,0
2687,the|rug|the,2.4919,-0.8340
2688,the|sat|big,0,0
2689,the|sat|brown,0,0
2690,the|sat|calico,0,0
2691,the|sat|cat,0,0
2692,the|sat|dog,0,0
2693,the|sat|lay,0,0
2694,the|sat|mat,0,0
2695,the|sat|on,0,0
2696,the|sat|red,0,0
2697,the|sat|rug,0,0
2698,the|sat|sat,0,0
2699,the|sat|small,0,0
2700,the|sat|tabby,0,0
2701,the|sat|the,0,0
2702,the|small|big,0,0
2703,the|small|brown,-0.3568,-0.3568
2704,the|small|calico,0,0
2705,the|small|cat,0,0
2706,the|small|dog,0,0
2707,the|small|lay,0,0
2708,the|small|mat,0,0
2709,the|small|on,0,0
2710,the|small|red,0,0
2711,the|small|rug,0,0
2712,the|small|sat,0,0
2713,the|small|small,0,0
2714,the|small|tabby,0,0
2715,the|small|the,0,0
2716,the|tabby|big,0,0
2717,the|tabby|brown,0,0
2718,the|tabby|calico,0,0
2719,the|tabby|cat,-0.3568,-0.3568
2720,the|tabby|dog,0,0
2721,the|tabby|lay,0,0
2722,the|tabby|mat,0,0
2723,the|tabby|on,0,0
2724,the|tabby|red,0,0
2725,the|tabby|rug,0,0
2726,the|tabby|sat,0,0
2727,the|tabby|small,0,0
2728,the|tabby|tabby,0,0
2729,the|tabby|the,0,0
2730,the|the|big,0,0
2731,the|the|brown,0,0
2732,the|the|calico,0,0
2733,the|the|cat,0,0
2734,the|the|dog,0,0
2735,the|the|lay,0,0
2736,the|the|mat,0,0
2737,the|the|on,0,0
2738,the|the|red,0,0
2739,the|the|rug,0,0
2740,the|the|sat,0,0
2741,the|the|small,0,0
2742,the|the|tabby,0,0
2743,the|the|the,0,0
